surface,n,Percentage
Carpet,623,0.15470573628010925
Clay,1471,0.3652843307673206
Grass,361,0.08964489694561709
Hard,1572,0.39036503600695305
