winner_hand,n,percent
Left-handed,765,0.18786836935166995
Right-handed,3305,0.8116404715127702
U,2,4.911591355599214e-4
