winner_hand,n,percent
L,765,18.786836935166995
R,3305,81.16404715127702
U,2,0.04911591355599214
